<?xml version="1.1" encoding="UTF-8" standalone="no"?>
<databaseChangeLog xmlns="http://www.liquibase.org/xml/ns/dbchangelog" xmlns:ext="http://www.liquibase.org/xml/ns/dbchangelog-ext" xmlns:xsi="http://www.w3.org/2001/XMLSchema-instance" xsi:schemaLocation="http://www.liquibase.org/xml/ns/dbchangelog-ext http://www.liquibase.org/xml/ns/dbchangelog/dbchangelog-ext.xsd http://www.liquibase.org/xml/ns/dbchangelog http://www.liquibase.org/xml/ns/dbchangelog/dbchangelog-3.5.xsd">
    <changeSet author="Katie (generated)" id="1509910524642-1">
        <createSequence sequenceName="hibernate_sequence"/>
    </changeSet>
    <changeSet author="Katie (generated)" id="1509910524642-2">
        <createTable tableName="jhi_authority">
            <column name="name" type="VARCHAR(50)">
                <constraints nullable="false"/>
            </column>
        </createTable>
    </changeSet>
    <changeSet author="Katie (generated)" id="1509910524642-3">
        <createTable tableName="jhi_persistent_audit_event">
            <column autoIncrement="true" name="event_id" type="BIGINT">
                <constraints primaryKey="true" primaryKeyName="jhi_persistent_audit_eventPK"/>
            </column>
            <column name="event_date" type="BINARY(255)"/>
            <column name="event_type" type="VARCHAR(255)"/>
            <column name="principal" type="VARCHAR(255)">
                <constraints nullable="false"/>
            </column>
        </createTable>
    </changeSet>
    <changeSet author="Katie (generated)" id="1509910524642-4">
        <createTable tableName="jhi_persistent_audit_evt_data">
            <column name="event_id" type="BIGINT">
                <constraints nullable="false"/>
            </column>
            <column name="value" type="VARCHAR(255)"/>
            <column name="name" type="VARCHAR(255)">
                <constraints nullable="false"/>
            </column>
        </createTable>
    </changeSet>
    <changeSet author="Katie (generated)" id="1509910524642-5">
        <createTable tableName="jhi_user">
            <column autoIncrement="true" name="id" type="BIGINT">
                <constraints primaryKey="true" primaryKeyName="jhi_userPK"/>
            </column>
            <column name="created_by" type="VARCHAR(50)">
                <constraints nullable="false"/>
            </column>
            <column name="created_date" type="BINARY(255)">
                <constraints nullable="false"/>
            </column>
            <column name="last_modified_by" type="VARCHAR(50)"/>
            <column name="last_modified_date" type="BINARY(255)"/>
            <column name="activated" type="BOOLEAN">
                <constraints nullable="false"/>
            </column>
            <column name="activation_key" type="VARCHAR(20)"/>
            <column name="email" type="VARCHAR(100)"/>
            <column name="first_name" type="VARCHAR(50)"/>
            <column name="image_url" type="VARCHAR(256)"/>
            <column name="lang_key" type="VARCHAR(5)"/>
            <column name="last_name" type="VARCHAR(50)"/>
            <column name="login" type="VARCHAR(50)">
                <constraints nullable="false"/>
            </column>
            <column name="password_hash" type="VARCHAR(60)"/>
            <column name="reset_date" type="BINARY(255)"/>
            <column name="reset_key" type="VARCHAR(20)"/>
        </createTable>
    </changeSet>
    <changeSet author="Katie (generated)" id="1509910524642-6">
        <createTable tableName="jhi_user_authority">
            <column name="user_id" type="BIGINT">
                <constraints nullable="false"/>
            </column>
            <column name="authority_name" type="VARCHAR(50)">
                <constraints nullable="false"/>
            </column>
        </createTable>
    </changeSet>
    <changeSet author="Katie (generated)" id="1509910524642-7">
        <createTable tableName="report">
            <column autoIncrement="true" name="id" type="BIGINT">
                <constraints primaryKey="true" primaryKeyName="reportPK"/>
            </column>
            <column name="additional_information" type="VARCHAR(255)"/>
            <column name="complaint_number" type="VARCHAR(255)"/>
            <column name="created_at" type="BINARY(255)"/>
            <column name="date_of_birth" type="BINARY(255)"/>
            <column name="demographic" type="VARCHAR(255)"/>
            <column name="eye_color" type="VARCHAR(255)"/>
            <column name="height" type="VARCHAR(255)"/>
            <column name="investigator_email" type="VARCHAR(255)"/>
            <column name="investigator_name" type="VARCHAR(255)"/>
            <column name="last_known_location" type="VARCHAR(255)"/>
            <column name="last_seen" type="BINARY(255)"/>
            <column name="parent_email" type="VARCHAR(255)"/>
            <column name="parent_name" type="VARCHAR(255)"/>
            <column name="parent_phone_number" type="VARCHAR(255)"/>
            <column name="photos" type="BLOB"/>
            <column name="photos_content_type" type="VARCHAR(255)"/>
            <column name="report_number" type="VARCHAR(255)"/>
            <column name="resolution" type="VARCHAR(255)"/>
            <column name="service_provider" type="VARCHAR(255)"/>
            <column name="service_provider_account_number" type="VARCHAR(255)"/>
            <column name="status" type="VARCHAR(255)"/>
            <column name="updated_at" type="BINARY(255)"/>
            <column name="victim_email" type="VARCHAR(255)"/>
            <column name="victim_name" type="VARCHAR(255)"/>
            <column name="victim_phone_number" type="VARCHAR(255)"/>
            <column name="weight" type="DOUBLE"/>
            <column name="user_id" type="BIGINT"/>
        </createTable>
    </changeSet>
    <changeSet author="Katie (generated)" id="1509910524642-8">
        <createTable tableName="victim_photo">
            <column autoIncrement="true" name="id" type="BIGINT">
                <constraints primaryKey="true" primaryKeyName="victim_photoPK"/>
            </column>
            <column name="photo" type="BLOB"/>
            <column name="photo_content_type" type="VARCHAR(255)"/>
            <column name="report_id" type="BIGINT"/>
        </createTable>
    </changeSet>
    <changeSet author="Katie (generated)" id="1509910524642-9">
        <addPrimaryKey columnNames="event_id, name" tableName="jhi_persistent_audit_evt_data"/>
    </changeSet>
    <changeSet author="Katie (generated)" id="1509910524642-10">
        <addPrimaryKey columnNames="user_id, authority_name" tableName="jhi_user_authority"/>
    </changeSet>
    <changeSet author="Katie (generated)" id="1509910524642-11">
        <addPrimaryKey columnNames="name" constraintName="jhi_authorityPK" tableName="jhi_authority"/>
    </changeSet>
    <changeSet author="Katie (generated)" id="1509910524642-12">
        <addUniqueConstraint columnNames="email" constraintName="UC_JHI_USEREMAIL_COL" tableName="jhi_user"/>
    </changeSet>
    <changeSet author="Katie (generated)" id="1509910524642-13">
        <addUniqueConstraint columnNames="login" constraintName="UC_JHI_USERLOGIN_COL" tableName="jhi_user"/>
    </changeSet>
    <changeSet author="Katie (generated)" id="1509910524642-14">
        <addForeignKeyConstraint baseColumnNames="user_id" baseTableName="jhi_user_authority" constraintName="FK290okww5jujghp4el5i7mgwu0" deferrable="false" initiallyDeferred="false" referencedColumnNames="id" referencedTableName="jhi_user"/>
    </changeSet>
    <changeSet author="Katie (generated)" id="1509910524642-15">
        <addForeignKeyConstraint baseColumnNames="event_id" baseTableName="jhi_persistent_audit_evt_data" constraintName="FK2ehnyx2si4tjd2nt4q7y40v8m" deferrable="false" initiallyDeferred="false" referencedColumnNames="event_id" referencedTableName="jhi_persistent_audit_event"/>
    </changeSet>
    <changeSet author="Katie (generated)" id="1509910524642-16">
        <addForeignKeyConstraint baseColumnNames="authority_name" baseTableName="jhi_user_authority" constraintName="FK4psxl0jtx6nr7rhqbynr6itoc" deferrable="false" initiallyDeferred="false" referencedColumnNames="name" referencedTableName="jhi_authority"/>
    </changeSet>
    <changeSet author="Katie (generated)" id="1509910524642-17">
        <addForeignKeyConstraint baseColumnNames="user_id" baseTableName="report" constraintName="FK83evua2w91e6xwp9cpksyjr72" deferrable="false" initiallyDeferred="false" referencedColumnNames="id" referencedTableName="jhi_user"/>
    </changeSet>
    <changeSet author="Katie (generated)" id="1509910524642-18">
        <addForeignKeyConstraint baseColumnNames="report_id" baseTableName="victim_photo" constraintName="FKs34spkkl4f1o2tl2fvgoamd1o" deferrable="false" initiallyDeferred="false" referencedColumnNames="id" referencedTableName="report"/>
    </changeSet>
</databaseChangeLog>
