<?xml version="1.0" encoding="utf-8"?>
<databaseChangeLog
    xmlns="http://www.liquibase.org/xml/ns/dbchangelog"
    xmlns:ext="http://www.liquibase.org/xml/ns/dbchangelog-ext"
    xmlns:xsi="http://www.w3.org/2001/XMLSchema-instance"
    xsi:schemaLocation="http://www.liquibase.org/xml/ns/dbchangelog http://www.liquibase.org/xml/ns/dbchangelog/dbchangelog-3.5.xsd
                        http://www.liquibase.org/xml/ns/dbchangelog-ext http://www.liquibase.org/xml/ns/dbchangelog/dbchangelog-ext.xsd">

    <property name="now" value="now()" dbms="h2"/>

    <property name="now" value="current_timestamp" dbms="postgresql"/>

    <property name="floatType" value="float4" dbms="postgresql, h2"/>
    <property name="floatType" value="float" dbms="mysql, oracle, mssql"/>

    <!--
        Added the entity Report.
    -->
    <changeSet id="20171017215150-1" author="jhipster">
        <createTable tableName="report">
            <column name="id" type="bigint" autoIncrement="${autoIncrement}">
                <constraints primaryKey="true" nullable="false"/>
            </column>
            <column name="status" type="varchar(255)">
                <constraints nullable="true" />
            </column>

            <column name="resolution" type="varchar(255)">
                <constraints nullable="true" />
            </column>

            <column name="victim_name" type="varchar(255)">
                <constraints nullable="true" />
            </column>

            <column name="victim_phone_number" type="varchar(255)">
                <constraints nullable="true" />
            </column>

            <column name="victim_email" type="varchar(255)">
                <constraints nullable="true" />
            </column>

            <column name="parent_name" type="varchar(255)">
                <constraints nullable="true" />
            </column>

            <column name="parent_phone_number" type="varchar(255)">
                <constraints nullable="true" />
            </column>

            <column name="parent_email" type="varchar(255)">
                <constraints nullable="true" />
            </column>

            <column name="date_of_birth" type="date">
                <constraints nullable="true" />
            </column>

            <column name="height" type="varchar(255)">
                <constraints nullable="true" />
            </column>

            <column name="weight" type="double">
                <constraints nullable="true" />
            </column>

            <column name="eye_color" type="varchar(255)">
                <constraints nullable="true" />
            </column>

            <column name="demographic" type="varchar(255)">
                <constraints nullable="true" />
            </column>

            <column name="last_known_location" type="varchar(255)">
                <constraints nullable="true" />
            </column>

            <column name="last_seen" type="timestamp">
                <constraints nullable="true" />
            </column>

            <column name="service_provider" type="varchar(255)">
                <constraints nullable="true" />
            </column>

            <column name="service_provider_account_number" type="varchar(255)">
                <constraints nullable="true" />
            </column>

            <column name="complaint_number" type="varchar(255)">
                <constraints nullable="true" />
            </column>

            <column name="report_number" type="varchar(255)">
                <constraints nullable="true" />
            </column>

            <column name="investigator_name" type="varchar(255)">
                <constraints nullable="true" />
            </column>

            <column name="investigator_email" type="varchar(255)">
                <constraints nullable="true" />
            </column>

            <column name="created_at" type="timestamp">
                <constraints nullable="true" />
            </column>

            <column name="updated_at" type="timestamp">
                <constraints nullable="true" />
            </column>

            <column name="photos" type="longblob">
                <constraints nullable="true" />
            </column>
            <column name="photos_content_type" type="varchar(255)">
                <constraints nullable="true" />
            </column>

            <column name="additional_information" type="varchar(255)">
                <constraints nullable="true" />
            </column>

            <column name="user_id" type="bigint">
                <constraints nullable="true" />
            </column>

            <!-- jhipster-needle-liquibase-add-column - JHipster will add columns here, do not remove-->
        </createTable>
        <dropDefaultValue tableName="report" columnName="last_seen" columnDataType="datetime"/>
        <dropDefaultValue tableName="report" columnName="created_at" columnDataType="datetime"/>
        <dropDefaultValue tableName="report" columnName="updated_at" columnDataType="datetime"/>
        
    </changeSet>
    <!-- jhipster-needle-liquibase-add-changeset - JHipster will add changesets here, do not remove-->
</databaseChangeLog>
