{
  "generator-jhipster": {
    "promptValues": {
      "packageName": "com.seniorproject.mims"
    },
    "jhipsterVersion": "4.9.0",
    "baseName": "mims",
    "packageName": "com.seniorproject.mims",
    "packageFolder": "com/seniorproject/mims",
    "serverPort": "8080",
    "authenticationType": "jwt",
    "hibernateCache": "ehcache",
    "clusteredHttpSession": false,
    "websocket": false,
    "databaseType": "sql",
    "devDatabaseType": "h2Disk",
    "prodDatabaseType": "postgresql",
    "searchEngine": false,
    "messageBroker": false,
    "serviceDiscoveryType": false,
    "buildTool": "maven",
    "enableSocialSignIn": false,
    "enableSwaggerCodegen": false,
    "jwtSecretKey": "15638aa021d99bb4aef963c48ced0e7c3592725e",
    "clientFramework": "angularX",
    "useSass": false,
    "clientPackageManager": "yarn",
    "applicationType": "monolith",
    "testFrameworks": [],
    "jhiPrefix": "jhi",
    "enableTranslation": false
  }
}