{
    "fluentMethods": true,
    "relationships": [
        {
            "relationshipName": "report",
            "otherEntityName": "report",
            "relationshipType": "many-to-one",
            "otherEntityField": "id"
        }
    ],
    "fields": [
        {
            "fieldName": "information",
            "fieldType": "String"
        },
        {
            "fieldName": "photo",
            "fieldType": "byte[]",
            "fieldTypeBlobContent": "image"
        },
        {
            "fieldName": "email",
            "fieldType": "String"
        }
    ],
    "changelogDate": "20171119174651",
    "dto": "no",
    "service": "no",
    "entityTableName": "tip",
    "jpaMetamodelFiltering": false,
    "pagination": "no"
}
